{
  "made": true,
  "throw_angle": 132.87890360333856,
  "optimal_angle": 133.16510165312226,
  "angle_error": 0.28619804978370667,
  "entry_angle": 88.41028329591066,
  "apex_height_px": 12,
  "shot_speed_px_per_frame": 10.37625067442258,
  "avg_elbow_angle": 